{
  "$schema": "http://json-schema.org/draft-07/schema#",
  "definitions": {
    "article": {
      "id": "/article",
      "title": "Article",
      "description": "An article in the blog",
      "type": "object",
      "properties": {
        "title": {
          "description": "Main title of the blog article",
          "type": "string"
        },
        "alltext": {
          "description": "Body text of the blog article",
          "type": "string"
        },
        "summary": {
          "description": "Optional short text summary of article",
          "type": "string"
        },
        "imageurl": {
          "description": "URL for main image to show in article",
          "type": "string",
          "format": "uri"
        },
        "published": {
          "description": "Is the article published or not",
          "type": "boolean"
        },
        "authorid": {
          "description": "User ID of the article author",
          "type": "integer",
          "minimum": 0
        }
      },
      "required": ["title", "alltext", "authorid"]
    }
  }
}
